{"hispanic_share": [1.6769519720955191, 1.0838709677419356, 5.6988174953697106, 1.4927730826948897, 1.0528132550914739, 1.3278816199376948, 4.1505827821546006, 2.4098664548102748, 1.3672586060434448, 1.4022245460595113, 24.832345223053746, 1.0928961748633881, 1.9967565376038923, 2.2857698667444799, 2.4167162403331348, 1.7924067133778718, 4.3487307532251354, 3.2358905035484962, 2.2749510763209391, 12.097211674080503, 3.2031486527399338, 1.8595975582184039, 2.9447878295977192, 27.321801718133269, 6.2855297157622738, 1.2071518050335952, 2.6382669732542658, 1.1323140590872516, 2.9114395727238853, 1.7006200177147917, 2.2237210750233478, 10.37037037037037, 2.2268102049845155, 2.3138645269639859, 11.766960521272518, 2.5776132156080886, 2.902173913043478, 1.2444444444444445, 2.3409811602313, 5.411126546272409, 3.5277047247664823, 4.0956617179827859, 1.3962580284836636, 4.6990156798733738, 1.4393057466398562, 4.0248962655601659, 2.0164725930133485, 2.4610687022900763, 1.3294322964788008, 1.9011716207420266, 2.9206349206349209, 5.5240464694596136, 1.6475994915419967, 1.6420682240250222, 1.9708316909735908, 3.3894462393017064, 2.940055384361036, 16.190305528178477, 1.3101942305482128, 2.7475819566892068, 1.5183547953103977, 1.8864550737594992, 1.8882062041060994, 19.901629716634854, 2.6363697660306116, 1.1782169032377772, 1.9675411293908405, 2.374703162104737, 3.4545629018328374, 17.241218562804466, 4.510529311326124, 6.7867481505307179, 2.8910686628807434, 2.0991317727222771, 4.0524242180590173, 3.4183244606332304, 8.0445872892302468, 7.1911777338716609, 2.9837154488965076, 1.9798059790140567, 2.8001993024414551, 6.2630187820546483, 2.3267492467358557, 9.812289149678497, 3.1422406003848073, 8.3605524038737045, 7.5207553312713653, 2.7564717162032597, 1.6333637343503855, 1.4198611785058757, 1.6593312750443407, 1.7154772059520424, 2.1838542015213367, 5.9597614910756596, 1.9127409611948007, 2.593963828208941, 2.1774784242540046, 1.4523351042850847, 10.241433021806854, 1.3390465988216389, 10.036351243894128, 2.514805238134957, 5.6003624830086096, 1.6575449569976544, 4.3458260046001893, 3.9208258357799037, 2.0656779661016951, 15.202745646370916, 2.7282266526757608], "vote_share": [0.0, 0.0, 0.0, 0.0, 0.0, 0.0, 0.23191766922742427, 0.0, 1.3333333333333335, 0.0, 2.8380634390651087, 0.0, 0.0, 0.0, 2.0, 0.0, 0.0, 0.0, 1.001669449081803, 0.0, 0.0, 0.0, 0.0, 13.226452905811623, 0.8278716798896172, 0.0, 1.3377926421404682, 2.0, 0.0, 0.0, 0.3751563151313047, 0.0, 0.0, 0.0, 1.0050251256281406, 5.555555555555555, 0.0, 1.507537688442211, 0.0, 0.0, 0.0, 0.0, 0.0, 0.0, 0.0, 0.0, 0.0, 0.0, 4.0, 3.5000000000000004, 0.0, 0.28263941732797043, 0.0, 2.5, 2.195945945945946, 0.0, 0.28928010579386726, 2.0, 0.0, 3.015075376884422, 0.0, 0.0, 2.0, 0.0, 0.0, 1.25, 1.0033444816053512, 12.080536912751679, 0.0, 0.0, 1.6778523489932886, 5.05050505050505, 0.0, 0.0, 0.0, 4.0, 0.6666666666666667, 0.0, 0.0, 0.0, 0.0, 0.35374481580873385, 0.0, 0.0, 0.0, 0.0, 0.0, 0.0, 0.5042016806722689, 0.31974420463629094, 0.0, 0.0, 0.0, 0.0, 0.0, 0.19579050416054822, 0.23894862604540024, 0.0, 0.0, 0.0, 0.4694835680751174, 1.3187812642110048, 0.0, 0.0, 0.8130081300813009, 0.0, 0.0, 0.4166666666666667, 0.0], "female_share": [50.912261872819961, 49.935483870967737, 48.824618891579995, 50.58842113577127, 51.605108733172244, 50.295950155763236, 51.089189372220588, 49.650058638822685, 50.790825613850579, 50.223405266660329, 49.411993391000095, 50.539784086365458, 48.641800121629842, 51.356871899620657, 50.65437239738251, 50.469827820324809, 50.957136912193093, 50.363298411625543, 50.008153946510113, 49.766735380275577, 50.923402966999696, 49.69477730047479, 50.943788890970012, 48.99001625261203, 50.998708010335911, 50.563717116501536, 49.776110371535765, 50.040234509713763, 50.868215128555462, 50.239149689991144, 50.571754695444639, 49.289289289289293, 49.943469498107454, 50.867699197611493, 49.808355691835956, 50.583879236684702, 51.076086956521735, 50.917171717171719, 50.195858981533291, 50.744195276840642, 49.750612133853267, 49.950898272774538, 50.314158056408822, 48.780729089380223, 50.206371044554977, 50.954356846473026, 50.056802044873614, 50.461068702290078, 50.302843650549221, 48.982968105879799, 46.089466089466093, 50.176755430924821, 48.093282487533003, 49.82895122666406, 49.763500197083168, 50.053845717848432, 50.645002778402862, 49.269778693665444, 49.580507987587637, 49.756055807583671, 50.176180408738546, 49.615556548949485, 50.058444477746143, 49.542406890813879, 49.902231811745665, 50.514890064013365, 50.644730991551803, 49.806274215723036, 51.050762882640818, 50.210940959839633, 49.772339214570287, 49.404953361209394, 47.786525554981928, 50.258270139575778, 50.313580445445041, 50.154104791258057, 50.797848050067195, 50.865475474615586, 51.124919648596531, 50.841417541080972, 50.911808669656203, 50.951939178584141, 50.778372949447601, 49.767884432398141, 48.05523370148714, 50.931178729012657, 49.324434315481035, 51.294343240651962, 50.846530138462811, 50.380809721724084, 51.139722787886754, 48.981139228509143, 50.680363157777329, 50.400311957036806, 50.728064632298484, 50.497470236610219, 51.294544759721028, 50.641486671461386, 49.556074766355138, 49.22335297268345, 50.56230830398728, 50.777796313287183, 50.770276393294068, 51.634089132134477, 48.150453253957515, 51.415853774031625, 50.520030816640983, 50.459074419923532, 50.170514165792234], "black_share": [0.36222162597263213, 0.38709677419354838, 1.3605926770195185, 0.68714951425637782, 0.37970314118053156, 0.56464174454828653, 9.0039654770235593, 1.1576438542730678, 0.9627442255572185, 0.47057705105048003, 2.9351734862474488, 0.33320005331200853, 1.9460774376647072, 0.82676782414162053, 0.45359904818560381, 0.47797512356743249, 1.4056503444768114, 0.9209192294694154, 0.59523809523809523, 0.94390799609417386, 0.72661217075386009, 0.72349084331901425, 3.1966036086657925, 2.2695611794752728, 1.7687338501291991, 0.23915271609156133, 1.9726491589011255, 0.44832739395332794, 5.8502049434852816, 0.35429583702391498, 2.9729168828473593, 0.95095095095095106, 1.2141768667354864, 2.0401816259252348, 0.87198160214641618, 0.71204784961549417, 0.56521739130434789, 0.4525252525252525, 0.28912516321581794, 0.77396308791426871, 0.69828602521084615, 1.5077118595112933, 0.38397095783300755, 2.6314487807290896, 0.81490104772991845, 0.7365145228215767, 0.4402158477705197, 0.67786259541984739, 0.6210861307873935, 1.9174441310479498, 1.8528138528138529, 5.8902078194072542, 2.2636159186467197, 0.52780764343661424, 0.59124950729207726, 3.1117156946097602, 4.4638141730692391, 1.0393333930651374, 0.28732329617285368, 0.30814003252589234, 0.49330514446793516, 1.282968261063925, 1.0100404615615166, 1.9625116233543776, 0.59335176319870542, 0.61230169774561649, 0.45575811471765226, 0.57492813398325204, 0.3934363304865176, 2.211966529147146, 0.93198634035287431, 0.40205853972338373, 2.4328859060402683, 0.86822727772282671, 0.53871512422609957, 0.93863827402633793, 6.6661302738647681, 1.5913581307447813, 1.4463252624812513, 0.4157592555929519, 0.28898854010961633, 7.4778133697421634, 0.51891529963173755, 1.0380323520083043, 2.8360953727424447, 0.55011174144748154, 0.43952466221715775, 0.96676254394375205, 0.75947268054058537, 0.47891305723749444, 0.75018064770413195, 0.6981960635642751, 1.1309643311249415, 2.6225122413520769, 1.3589633827316523, 0.91710159968864446, 1.197414095092513, 0.71456743150128765, 0.75545171339563866, 0.28119978575254417, 2.2179938657275926, 0.6568521144382351, 0.9379247847757135, 0.67240031274433143, 4.2402922473278304, 1.4300596647409793, 0.82338212634822794, 2.7935582912066961, 0.93126967471143762],