{"hispanic_share": [1.332821412900395, 1.4969614901908976, 1.1568706522834962, 0.95990635059994145, 1.19850449002411, 1.3508751321508281, 1.5380225424454272, 1.1472177409029218, 1.7637072434607646, 1.654127846146181, 1.7377140729709604, 1.1101991446714761, 1.9465109087308068, 1.2146818061790334], "vote_share": [0.0, 0.0, 0.0, 0.0, 0.0, 0.0, 0.0, 0.0, 0.0, 0.0, 0.0, 0.0, 0.0, 0.0], "female_share": [51.151820974111452, 51.31035735517537, 50.597338441375136, 51.047702663154816, 50.373877493972543, 50.199694584752727, 51.510914538450557, 51.017899669662746, 50.675930583501007, 51.303871257037514, 50.872114668652266, 50.673175227151646, 51.427916204824932, 50.967124372854499], "black_share": [0.72400175515577014, 0.66549970275447523, 0.65026716402863194, 0.50043898156277433, 0.44550822879904961, 0.5932103841184071, 0.82750749036952487, 0.49678625387314024, 0.65392354124748497, 0.74435753076578148, 3.8170141474311241, 0.83516926577101958, 2.9360973185960937, 0.50501716398204377], "millenial_share": [15.869533421091123, 17.267487945042607, 15.119971771347917, 13.593795727246121, 15.044201404661239, 12.551391988723129, 15.699814524183193, 15.446467440014342, 14.920774647887324, 16.7849135568731, 18.481012658227851, 15.424712370584762, 19.123548890363693, 17.286110377607606], "white_share": [96.312344595582857, 96.21755069687562, 96.952817824377462, 97.058823529411768, 96.797582025926829, 96.687419241160583, 96.159223855043521, 96.893805536349902, 91.681338028169009, 96.122265955856705, 92.842516753536856, 95.38640978012009, 92.656282032126811, 97.029310800105634], "place_fips": [23009, 23011, 23013, 23015, 23017, 23021, 23023, 23027, 23029, 23031, 23001, 23003, 23005, 23007], "place_name": ["Hancock County, ME", "Kennebec County, ME", "Knox County, ME", "Lincoln County, ME", "Oxford County, ME", "Piscataquis County, ME", "Sagadahoc County, ME", "Waldo County, ME", "Washington County, ME", "York County, ME", "Androscoggin County, ME", "Aroostook County, ME", "Cumberland County, ME", "Franklin County, ME"]}