{"hispanic_share": [12.118080517613228, 4.353872486093282, 9.4769739865796474, 3.500873277702309, 5.3233060532330603, 4.7093906487368482, 7.4918566775244306, 1.6512483835670944, 7.6607900279885737, 4.7628664714396312, 6.4700505709689908, 5.8456071340768387, 9.9894327522214645, 4.9543468656423348, 2.6328525796147519, 4.3234366598363634, 3.6002079542500649, 8.9048364761152889, 12.812600075693615, 2.8259828304041856, 3.1841888553390061, 3.0431906247046592, 3.120235691623058, 4.8847295138096323, 7.1045832934647404, 10.970863670907798, 3.6515054452274183, 6.782702825888788, 6.7964064557023747, 6.3933001882511942, 21.647573561337296, 13.357332065475786, 4.1650738171954931, 12.610526200526692, 8.0241807190582239, 6.4046758586064314, 1.9711247514480852, 3.2276723739009716, 7.5965811965811962, 14.658891575404162, 7.6425596394587973, 2.6939777232395694, 11.889536260717163, 3.663970674782667, 9.9299138993603187, 3.7888760901760734, 12.483772839123443, 7.9633544749823812, 7.3148342582870853, 5.0828432688318976, 13.37041058741174, 4.4263596665343385, 19.491468606483188, 7.5198768915106431, 7.1803479938368264, 5.5131769153786276, 6.5830258302583031, 2.6657843739660634, 3.6155879594099085, 12.688202627256825, 4.6437202011625631, 15.156050374155869, 6.3323914608335032, 6.5729092701124454, 5.3703686580550904, 1.998729414064409, 12.089194995442163, 8.3798604187437693, 3.4986098239110288, 4.6673536582300752, 6.4177777777777774, 2.3020941630773799, 4.1934989267095979, 5.9103299611072462, 5.6442501350886669, 11.141772541988262, 6.4176852600966479, 8.1381715642623913, 5.9141074856046059, 8.2377551756474077, 4.0570570570570572, 18.396565183450431, 2.9317517427479198, 3.8778877887788776, 2.9147547340528663, 10.149654643131235, 4.6938489561440377, 3.1684067181116662, 6.7314702308626977, 10.956773178141356, 7.2197068184874702, 9.9836686222264959, 3.9691562453660225, 4.8448687350835327, 3.4684170471841704, 11.057723211416084, 5.8136494378105112, 10.13501062640508, 10.650402201524132, 4.8711252412853412, 2.6857254529718864, 4.0671250437011999, 6.9470257707589758, 3.0882691864484904, 18.591428062478951, 3.7805876210098504, 23.237518716851682, 5.2939312410292105, 7.5210387724755856, 12.776344878408253, 3.9965099515495752, 3.6452067168683016, 21.771668834571081, 10.51132487169243], "vote_share": [2.7769549763033177, 6.811653672548215, 7.8797725426482526, 6.065908428113152, 5.973622963537626, 3.594351732991014, 7.210884353741497, 3.025094534204194, 11.44793152639087, 3.0005085607730124, 1.6401086648015244, 6.341528953379013, 2.8322017458777884, 5.412599822537711, 7.9326923076923075, 4.874346432787991, 6.3721940622737145, 3.15903070734818, 2.5648762824381413, 8.868092691622104, 6.476683937823833, 6.340378197997776, 6.400937866354045, 9.441852983754222, 4.396984924623116, 3.621741858210232, 6.641604010025063, 6.365413860525744, 4.289636238846946, 3.948942959712804, 7.083678541839271, 0.9545154060721369, 4.628378378378378, 1.4439742762198475, 4.324920362656211, 3.9259153318077806, 6.751054852320674, 11.74785100286533, 5.183668245232305, 9.30831493745401, 1.46716765074253, 6.258921708575821, 5.786728132961301, 7.219381543705867, 2.0303567908535385, 8.260561718196838, 7.643312101910828, 8.9247311827957, 3.918799646954987, 3.3352501437607818, 5.472802234339673, 7.414698162729659, 5.426892499135845, 7.043429844097996, 5.236768802228412, 7.723325062034739, 5.613701236917222, 4.642962092271525, 8.446726572528883, 0.8519874031832497, 1.2919896640826873, 6.713634479900539, 2.877881064561314, 4.255152417522138, 2.0848310567936736, 6.432491767288694, 5.747544561658785, 0.9944444444444445, 5.778301886792453, 3.7957765303394813, 4.475215733493879, 11.177347242921014, 9.391088230072786, 4.868362994558023, 2.2867194371152153, 5.357142857142857, 9.713375796178344, 15.231418290110435, 6.559839759639459, 3.8461538461538463, 6.89175769612711, 5.816002819880155, 8.736237434179033, 6.748177756877498, 6.6802305866395395, 5.949938448912597, 4.9523809523809526, 2.901554404145078, 11.302681992337165, 2.544190518452777, 6.205318844724049, 1.140996543898014, 3.612935826174836, 7.811038353601497, 1.2221167536782156, 6.133828996282528, 5.075646656905808, 4.818663406682966, 5.389572349150557, 8.596300326441785, 0.6487488415199258, 0.46511627906976744, 1.6794961511546536, 0.08984725965858043, 0.41109969167523125, 0.0, 0.9074410163339384, 0.0, 1.2744963683705632, 0.49019607843137253, 0.6042296072507553, 1.28470783257356, 1.5647226173541962, 0.5819064763260351], "female_share": [52.299861353599674, 49.216409927257168, 50.280356650427429, 48.185522996312827, 50.44606650446066, 45.507230068080794, 51.938636124829252, 49.885606286680598, 51.793288513143089, 51.443165370763069, 51.970351921257773, 50.090516952372447, 51.239178982108555, 50.612390162485887, 49.869325331526476, 50.724448126026367, 49.241833463304744, 50.939599052635664, 52.090308305918654, 51.33561770015843, 52.436178973373593, 50.760797656176159, 51.839795624047134, 50.657559742243606, 49.201033393933599, 51.02810669020127, 50.328315182575267, 50.5668869644485, 50.975791116095373, 51.100545445769171, 50.831635549914836, 52.117435305304625, 53.583456210292532, 52.507815536904111, 50.372255806554243, 51.562329782547941, 51.180081265669571, 50.566867191115229, 49.039316239316236, 45.787702081259184, 52.45558161286732, 52.237115348310361, 50.493423649598157, 51.853844731045385, 51.699070616919627, 50.617080796445613, 50.630679506306798, 44.450317124735726, 50.813859307034647, 50.894316878553482, 50.862900514267764, 51.250496228662165, 50.836378264221779, 52.22535692912713, 50.170990492177026, 49.812076059157121, 51.377121771217716, 50.252871390083662, 53.031465848042977, 51.896371399027593, 50.499640781137742, 51.381638985216284, 52.02037023109898, 51.877444174783008, 51.971816660348225, 51.844793041098569, 45.378460357483647, 52.212647770972801, 48.710225517454433, 50.848267021891566, 49.982222222222219, 51.915936432496657, 51.405499335582128, 52.762412035083315, 52.158962519035221, 50.589026320581596, 51.105328756040493, 51.648115167705555, 51.707817134880472, 50.695376181201759, 51.633633633633636, 50.825917252146759, 50.784236563975718, 50.186468646864689, 50.905879058144301, 51.084036838066005, 51.730418943533692, 51.620517476168857, 46.342648845686512, 50.624062076790743, 53.243376518581606, 51.337200395317474, 49.508180515051158, 53.038981702466195, 50.013318112633179, 50.806710805425212, 50.68566779976176, 52.550951462512742, 50.444538526672311, 50.76643578971273, 52.360013772951042, 51.6140309987181, 51.538450434324446, 50.460935699469921, 51.818445411531279, 51.182580226355455, 51.745660146829827, 53.402842070598176, 51.159289696653218, 48.931466470154753, 52.051992476749867, 51.364635065145102, 51.651473957776695, 50.709118288822644],