{"hispanic_share": [2.0488660019721707, 1.4219838314457156, 2.940938402180072, 4.592270121044808, 1.7838405036726128, 0.98022646611458519, 2.7021519400065213, 3.2587642843308151, 6.913916701226376, 2.8869103996969123, 12.572292167456029, 2.3283114850322835, 1.5802217407926595, 3.8034771257342905, 1.9319938176197835, 1.4564980872494999, 3.4955089820359282, 2.5592870820444835, 3.0176133762598405, 2.9235880398671097, 5.329500221141088, 14.245100929939797, 4.0238877013596595, 1.7238153780367214, 1.4059556280403791, 4.0647011636979, 2.730078884188865, 1.4314928425357873, 1.9092729137164901, 1.724336395239082, 3.0390738060781479, 1.623400365630713, 12.512617658060185, 2.3836485109274146, 3.8622862233129411, 8.242549073131995, 1.66748063908463, 2.2510632902638341, 1.5085476294251536, 4.8517647801322203, 2.1293423374095028, 2.6046802472401933, 5.9623557984213722, 1.7867575462512171, 6.8047036497339803, 1.5578683881167248, 1.869333582577811, 11.069576052623953, 3.9129359386594111, 6.4190586483580114, 2.3660187542693905, 2.3869761302386978, 1.534868201534868, 8.0180776873027622, 2.9731494641416663, 1.9335759781619655, 1.572286012526096, 3.9522337394677822, 1.5584620233217776, 4.229730122301949, 2.9479819835732579, 1.116398243045388, 1.7142469769767226, 6.2399764470717667, 4.5882538894032106, 4.5809100066309307, 2.740762083123244, 1.4165408027827362, 1.7876086220516871, 2.2635973376393208, 1.0265565721937069, 4.8644345954657577], "vote_share": [0.4754358161648178, 0.15932023366967604, 0.3357112882920688, 0.1979218208807521, 0.18625442354255914, 0.910010111223458, 0.12516763522574878, 0.2542103590721322, 0.14603277624533506, 0.09366219169528567, 0.12150192051422748, 0.09493670886075949, 0.2819170358437374, 0.5575467941059339, 0.4168245547555892, 0.09580838323353294, 0.11360657170322469, 0.16721560678996705, 0.14207572636215102, 0.25862068965517243, 0.35650623885918004, 0.10982243662116392, 0.13766993632765445, 0.21973631642029562, 0.2690299097958538, 0.14524585517925465, 0.11887956014562746, 0.0, 0.46720575022461813, 0.32175032175032175, 0.15271414688324308, 0.08892841262783459, 0.14940931202223767, 0.03266906239790918, 0.13768889194864206, 0.1711252357337431, 0.20898641588296762, 0.3114676734308636, 0.24611889435819764, 0.16183986371379896, 0.22787694644891757, 0.11750881316098707, 0.2792586951002793, 0.23441162681669012, 0.13565453312231518, 0.18450184501845018, 0.16863406408094433, 0.15441176470588233, 0.38128249566724437, 0.14886490509862302, 0.0, 0.2345300378856215, 0.17094017094017094, 0.12006948702227672, 0.20067922198209326, 0.40383644623927306, 0.0, 0.08514261387824607, 0.19665683382497542, 0.3208868144690782, 0.17828657220606176, 0.2939015429831006, 0.12048693339980888, 0.0873015873015873, 0.12085153853304824, 0.12308052983237604, 0.15718327569946558, 0.39428289797930016, 0.1491869312248247, 0.1274072622139462, 0.425531914893617, 0.10075957215935515], "female_share": [49.01939300975129, 47.760906056454886, 50.430348325823594, 49.708005946060737, 50.056663168940183, 49.94084840290688, 50.629007716552543, 46.431338369165218, 50.091830084720655, 47.027846182989201, 50.593807268486572, 49.324985325767948, 50.375939849624061, 49.290927431317868, 49.634209170530653, 49.169971571965043, 50.118512974051896, 49.71277065841803, 50.312568010746638, 49.242524916943523, 50.663423264042464, 51.703878896619216, 49.595627933625686, 48.940321244354166, 49.919860529201699, 50.220871839389915, 50.898593803589797, 49.965916837082482, 50.429708481859471, 49.487763887929646, 49.763060072075135, 49.345521023765997, 50.474731378386274, 49.739553844411731, 49.743674451805489, 50.868551008759951, 49.822088885788041, 50.058207217694992, 49.79660031962807, 50.300572744915506, 49.321652369653826, 50.020443012097445, 49.759736317113365, 49.138266796494648, 49.557762038700062, 50.19432184968052, 49.518646602486214, 50.014006008094505, 46.425921345535492, 47.336421540243194, 49.686393839657207, 50.229897701022985, 48.862195528862195, 50.407137569641961, 49.656205585218757, 49.332726721261757, 48.936586638830896, 49.869673273928598, 48.129530412858493, 49.5134067338698, 49.216638699991165, 48.584675451439729, 51.038462516206117, 50.418761766779532, 47.308465238105988, 50.882521170890726, 50.806742058632857, 50.077806764611651, 49.574540119625325, 50.674451577330551, 48.560589154206653, 50.799437887557851], "black_share": [1.0408677550126, 1.2888537305369581, 0.62865930982381346, 0.63707793586748784, 0.52046169989506819, 0.2535068446848065, 0.6996522117161178, 2.2225450319581639, 0.95621778541382785, 2.3640841068384164, 7.3190613323178706, 0.46468401486988847, 0.465145915636549, 0.40348899305761587, 0.69551777434312212, 1.4494788193591408, 0.80339321357285431, 0.84401237295625275, 1.1211923362676453, 0.49169435215946844, 0.79610791685095095, 27.154576612861064, 1.538156415963331, 0.33674532966298742, 0.49770829232629415, 1.2730349548915969, 1.4942265919743913, 0.57259713701431492, 0.62747204453342442, 0.37295393328268522, 0.76047785250134781, 0.49725776965265078, 11.714822994112614, 0.64545351602310042, 2.0211077747166852, 5.1356180360820902, 0.64885229889067186, 0.70770755771735494, 0.52302774952782216, 0.79994951009009285, 0.62055119547362658, 0.39683494071526487, 1.8362390493538037, 0.36514118792599803, 0.46765393608729544, 0.42816678743165804, 0.35517338068978405, 1.2595747969128828, 3.2104872619342069, 2.1176275953346018, 0.54648202198348128, 1.020789792102079, 0.56723390056723388, 2.532045038376125, 0.39373103368801132, 0.47770700636942676, 0.67197286012526092, 0.65466448445171854, 1.5726441853135833, 0.49966592104116436, 1.4660425682239691, 2.0192776964372867, 1.4532543576446264, 5.3592596322954034, 3.0753945853184907, 1.4256500589697254, 0.65907944968666721, 1.1968511144674814, 0.68163864123688078, 1.0426922925446023, 0.40169604998884179, 1.5939622048172644], "millenial_share": [15.72258135203243, 22.967836539389143, 15.557294336669994, 14.169675090252706, 15.584470094438615, 11.576812573939495, 16.563417019889144, 17.606042998256825, 18.012915457076843, 16.306118583064976, 19.551610062593713, 15.158481706124046, 13.21524149356442, 16.922803061769418, 13.961875321998971, 14.228056013757765, 15.98428143712575, 17.825894829871853, 15.773990439096142, 13.415282392026578, 17.868199911543563, 23.726325430831675, 17.243658961193503, 14.442633027768126, 14.157973174366617, 19.796050679647923, 15.310392134446097, 14.287661895023859, 22.58411055227306, 14.830674309920115, 24.132402599245196, 11.934186471663621, 18.083858108350455, 15.38897067149813, 22.287049218044846, 18.590713948929199, 13.284029861159564, 17.298493528048965, 15.228340355465155, 17.657268180312091, 13.38443754943116, 15.503018350609683, 17.469858617399598, 14.610516066212268, 16.228947100884476, 14.360055332323299, 11.552481540330872, 19.915577578795869, 13.945090279495423, 14.302258251302838, 17.630255231944357, 16.268837311626882, 12.592592592592592, 20.585576810690771, 15.413129489494104, 15.536851683348498, 12.336899791231733, 16.152431755268633, 18.162622124172707, 15.454783139180201, 16.723483175836794, 15.647877013177158, 24.532458838582844, 26.14084496130037, 18.416239528529818, 15.797053032258718, 13.134769142116257, 19.577555036843791, 24.511906105405711, 26.440471033043206, 12.140147288551663, 18.290274078951246],